filename,source_subdir,normalized_schema_iri,injected_subjectOf,detected_profiles,validated_against,schema_errors,target_path,moved,parse_error,framing_error
metadata_10.60707-08fx-rj13.json,adaMetadata,True,True,https://w3id.org/cdif/core/1.1;https://w3id.org/cdif/discovery/1.1;https://w3id.org/cdif/manifest/1.1,CoreDiscovery,10,doc-corediscovery\examples\adaMetadata\metadata_10.60707-08fx-rj13.json,False,,
metadata_10.60707-0y88-ps96.json,adaMetadata,True,True,https://w3id.org/cdif/core/1.1;https://w3id.org/cdif/discovery/1.1;https://w3id.org/cdif/manifest/1.1,CoreDiscovery,0,doc-corediscovery\examples\adaMetadata\metadata_10.60707-0y88-ps96.json,True,,
metadata_10.60707-1k0j-p360.json,adaMetadata,True,True,https://w3id.org/cdif/core/1.1;https://w3id.org/cdif/discovery/1.1;https://w3id.org/cdif/manifest/1.1,CoreDiscovery,0,doc-corediscovery\examples\adaMetadata\metadata_10.60707-1k0j-p360.json,True,,
metadata_10.60707-1svq-4w22.json,adaMetadata,True,True,https://w3id.org/cdif/core/1.1;https://w3id.org/cdif/discovery/1.1;https://w3id.org/cdif/manifest/1.1,CoreDiscovery,0,doc-corediscovery\examples\adaMetadata\metadata_10.60707-1svq-4w22.json,True,,
metadata_10.60707-2arx-b516.json,adaMetadata,True,True,https://w3id.org/cdif/core/1.1;https://w3id.org/cdif/discovery/1.1;https://w3id.org/cdif/manifest/1.1,CoreDiscovery,0,doc-corediscovery\examples\adaMetadata\metadata_10.60707-2arx-b516.json,True,,
metadata_10.60707-2j0t-gq80.json,adaMetadata,True,True,https://w3id.org/cdif/core/1.1;https://w3id.org/cdif/discovery/1.1;https://w3id.org/cdif/manifest/1.1,CoreDiscovery,0,doc-corediscovery\examples\adaMetadata\metadata_10.60707-2j0t-gq80.json,True,,
metadata_10.60707-2mdz-qh58.json,adaMetadata,True,True,https://w3id.org/cdif/core/1.1;https://w3id.org/cdif/discovery/1.1;https://w3id.org/cdif/manifest/1.1,CoreDiscovery,0,doc-corediscovery\examples\adaMetadata\metadata_10.60707-2mdz-qh58.json,True,,
metadata_10.60707-3kzn-r786.json,adaMetadata,True,True,https://w3id.org/cdif/core/1.1;https://w3id.org/cdif/discovery/1.1;https://w3id.org/cdif/manifest/1.1,CoreDiscovery,0,doc-corediscovery\examples\adaMetadata\metadata_10.60707-3kzn-r786.json,True,,
metadata_10.60707-3qvv-wy22.json,adaMetadata,True,True,https://w3id.org/cdif/core/1.1;https://w3id.org/cdif/discovery/1.1;https://w3id.org/cdif/manifest/1.1,CoreDiscovery,0,doc-corediscovery\examples\adaMetadata\metadata_10.60707-3qvv-wy22.json,True,,
metadata_10.60707-4b5r-q306.json,adaMetadata,True,True,https://w3id.org/cdif/core/1.1;https://w3id.org/cdif/discovery/1.1;https://w3id.org/cdif/manifest/1.1,CoreDiscovery,0,doc-corediscovery\examples\adaMetadata\metadata_10.60707-4b5r-q306.json,True,,
metadata_10.60707-4fpx-9425.json,adaMetadata,True,True,https://w3id.org/cdif/core/1.1;https://w3id.org/cdif/discovery/1.1;https://w3id.org/cdif/manifest/1.1,CoreDiscovery,0,doc-corediscovery\examples\adaMetadata\metadata_10.60707-4fpx-9425.json,True,,
metadata_10.60707-4q94-c237.json,adaMetadata,True,True,https://w3id.org/cdif/core/1.1;https://w3id.org/cdif/discovery/1.1;https://w3id.org/cdif/manifest/1.1,CoreDiscovery,2,doc-corediscovery\examples\adaMetadata\metadata_10.60707-4q94-c237.json,False,,
metadata_10.60707-4v1z-b208.json,adaMetadata,True,True,https://w3id.org/cdif/core/1.1;https://w3id.org/cdif/discovery/1.1;https://w3id.org/cdif/manifest/1.1,CoreDiscovery,0,doc-corediscovery\examples\adaMetadata\metadata_10.60707-4v1z-b208.json,True,,
metadata_10.60707-5856-1y66.json,adaMetadata,True,True,https://w3id.org/cdif/core/1.1;https://w3id.org/cdif/discovery/1.1;https://w3id.org/cdif/manifest/1.1,CoreDiscovery,0,doc-corediscovery\examples\adaMetadata\metadata_10.60707-5856-1y66.json,True,,
metadata_10.60707-64vm-zd18.json,adaMetadata,True,True,https://w3id.org/cdif/core/1.1;https://w3id.org/cdif/discovery/1.1;https://w3id.org/cdif/manifest/1.1,CoreDiscovery,0,doc-corediscovery\examples\adaMetadata\metadata_10.60707-64vm-zd18.json,True,,
metadata_10.60707-66gm-xn41.json,adaMetadata,True,True,https://w3id.org/cdif/core/1.1;https://w3id.org/cdif/discovery/1.1;https://w3id.org/cdif/manifest/1.1,CoreDiscovery,0,doc-corediscovery\examples\adaMetadata\metadata_10.60707-66gm-xn41.json,True,,
metadata_10.60707-6c5n-e486.json,adaMetadata,True,True,https://w3id.org/cdif/core/1.1;https://w3id.org/cdif/discovery/1.1;https://w3id.org/cdif/manifest/1.1,CoreDiscovery,0,doc-corediscovery\examples\adaMetadata\metadata_10.60707-6c5n-e486.json,True,,
metadata_10.60707-7hya-7y42.json,adaMetadata,True,True,https://w3id.org/cdif/core/1.1;https://w3id.org/cdif/discovery/1.1;https://w3id.org/cdif/manifest/1.1,CoreDiscovery,0,doc-corediscovery\examples\adaMetadata\metadata_10.60707-7hya-7y42.json,True,,
metadata_10.60707-85yk-sr06.json,adaMetadata,True,True,https://w3id.org/cdif/core/1.1;https://w3id.org/cdif/discovery/1.1;https://w3id.org/cdif/manifest/1.1,CoreDiscovery,0,doc-corediscovery\examples\adaMetadata\metadata_10.60707-85yk-sr06.json,True,,
metadata_10.60707-89td-7k08.json,adaMetadata,True,True,https://w3id.org/cdif/core/1.1;https://w3id.org/cdif/discovery/1.1;https://w3id.org/cdif/manifest/1.1,CoreDiscovery,0,doc-corediscovery\examples\adaMetadata\metadata_10.60707-89td-7k08.json,True,,
metadata_10.60707-8pcs-xg15.json,adaMetadata,True,True,https://w3id.org/cdif/core/1.1;https://w3id.org/cdif/discovery/1.1;https://w3id.org/cdif/manifest/1.1,CoreDiscovery,0,doc-corediscovery\examples\adaMetadata\metadata_10.60707-8pcs-xg15.json,True,,
metadata_10.60707-8ybe-rc54.json,adaMetadata,True,True,https://w3id.org/cdif/core/1.1;https://w3id.org/cdif/discovery/1.1;https://w3id.org/cdif/manifest/1.1,CoreDiscovery,0,doc-corediscovery\examples\adaMetadata\metadata_10.60707-8ybe-rc54.json,True,,
metadata_10.60707-917f-kr66.json,adaMetadata,True,True,https://w3id.org/cdif/core/1.1;https://w3id.org/cdif/discovery/1.1;https://w3id.org/cdif/manifest/1.1,CoreDiscovery,0,doc-corediscovery\examples\adaMetadata\metadata_10.60707-917f-kr66.json,True,,
metadata_10.60707-bb22-mj07.json,adaMetadata,True,True,https://w3id.org/cdif/core/1.1;https://w3id.org/cdif/discovery/1.1;https://w3id.org/cdif/manifest/1.1,CoreDiscovery,0,doc-corediscovery\examples\adaMetadata\metadata_10.60707-bb22-mj07.json,True,,
metadata_10.60707-bdq3-px39.json,adaMetadata,True,True,https://w3id.org/cdif/core/1.1;https://w3id.org/cdif/discovery/1.1;https://w3id.org/cdif/manifest/1.1,CoreDiscovery,0,doc-corediscovery\examples\adaMetadata\metadata_10.60707-bdq3-px39.json,True,,
metadata_10.60707-by2q-ts31.json,adaMetadata,True,True,https://w3id.org/cdif/core/1.1;https://w3id.org/cdif/discovery/1.1;https://w3id.org/cdif/manifest/1.1,CoreDiscovery,0,doc-corediscovery\examples\adaMetadata\metadata_10.60707-by2q-ts31.json,True,,
metadata_10.60707-c39r-0r37.json,adaMetadata,True,True,https://w3id.org/cdif/core/1.1;https://w3id.org/cdif/discovery/1.1;https://w3id.org/cdif/manifest/1.1,CoreDiscovery,0,doc-corediscovery\examples\adaMetadata\metadata_10.60707-c39r-0r37.json,True,,
metadata_10.60707-c7rk-nk69.json,adaMetadata,True,True,https://w3id.org/cdif/core/1.1;https://w3id.org/cdif/discovery/1.1;https://w3id.org/cdif/manifest/1.1,CoreDiscovery,0,doc-corediscovery\examples\adaMetadata\metadata_10.60707-c7rk-nk69.json,True,,
metadata_10.60707-d62h-j641.json,adaMetadata,True,True,https://w3id.org/cdif/core/1.1;https://w3id.org/cdif/discovery/1.1;https://w3id.org/cdif/manifest/1.1,CoreDiscovery,0,doc-corediscovery\examples\adaMetadata\metadata_10.60707-d62h-j641.json,True,,
metadata_10.60707-dzcq-ym02.json,adaMetadata,True,True,https://w3id.org/cdif/core/1.1;https://w3id.org/cdif/discovery/1.1;https://w3id.org/cdif/manifest/1.1,CoreDiscovery,0,doc-corediscovery\examples\adaMetadata\metadata_10.60707-dzcq-ym02.json,True,,
metadata_10.60707-ejdm-g828.json,adaMetadata,True,True,https://w3id.org/cdif/core/1.1;https://w3id.org/cdif/discovery/1.1;https://w3id.org/cdif/manifest/1.1,CoreDiscovery,1,doc-corediscovery\examples\adaMetadata\metadata_10.60707-ejdm-g828.json,False,,
metadata_10.60707-ek2k-3171.json,adaMetadata,True,True,https://w3id.org/cdif/core/1.1;https://w3id.org/cdif/discovery/1.1;https://w3id.org/cdif/manifest/1.1,CoreDiscovery,0,doc-corediscovery\examples\adaMetadata\metadata_10.60707-ek2k-3171.json,True,,
metadata_10.60707-emjy-za09.json,adaMetadata,True,True,https://w3id.org/cdif/core/1.1;https://w3id.org/cdif/discovery/1.1;https://w3id.org/cdif/manifest/1.1,CoreDiscovery,0,doc-corediscovery\examples\adaMetadata\metadata_10.60707-emjy-za09.json,True,,
metadata_10.60707-epbg-vr71.json,adaMetadata,True,True,https://w3id.org/cdif/core/1.1;https://w3id.org/cdif/discovery/1.1;https://w3id.org/cdif/manifest/1.1,CoreDiscovery,0,doc-corediscovery\examples\adaMetadata\metadata_10.60707-epbg-vr71.json,True,,
metadata_10.60707-esk8-v556.json,adaMetadata,True,True,https://w3id.org/cdif/core/1.1;https://w3id.org/cdif/discovery/1.1;https://w3id.org/cdif/manifest/1.1,CoreDiscovery,0,doc-corediscovery\examples\adaMetadata\metadata_10.60707-esk8-v556.json,True,,
metadata_10.60707-fgat-bv38.json,adaMetadata,True,True,https://w3id.org/cdif/core/1.1;https://w3id.org/cdif/discovery/1.1;https://w3id.org/cdif/manifest/1.1,CoreDiscovery,0,doc-corediscovery\examples\adaMetadata\metadata_10.60707-fgat-bv38.json,True,,
metadata_10.60707-fj10-mc96.json,adaMetadata,True,True,https://w3id.org/cdif/core/1.1;https://w3id.org/cdif/discovery/1.1;https://w3id.org/cdif/manifest/1.1,CoreDiscovery,0,doc-corediscovery\examples\adaMetadata\metadata_10.60707-fj10-mc96.json,True,,
metadata_10.60707-fwkp-de27.json,adaMetadata,True,True,https://w3id.org/cdif/core/1.1;https://w3id.org/cdif/discovery/1.1;https://w3id.org/cdif/manifest/1.1,CoreDiscovery,0,doc-corediscovery\examples\adaMetadata\metadata_10.60707-fwkp-de27.json,True,,
metadata_10.60707-fzjk-kt84.json,adaMetadata,True,True,https://w3id.org/cdif/core/1.1;https://w3id.org/cdif/discovery/1.1;https://w3id.org/cdif/manifest/1.1,CoreDiscovery,0,doc-corediscovery\examples\adaMetadata\metadata_10.60707-fzjk-kt84.json,True,,
metadata_10.60707-g5n1-0d67.json,adaMetadata,True,True,https://w3id.org/cdif/core/1.1;https://w3id.org/cdif/discovery/1.1;https://w3id.org/cdif/manifest/1.1,CoreDiscovery,0,doc-corediscovery\examples\adaMetadata\metadata_10.60707-g5n1-0d67.json,True,,
metadata_10.60707-gy8c-9d52.json,adaMetadata,True,True,https://w3id.org/cdif/core/1.1;https://w3id.org/cdif/discovery/1.1;https://w3id.org/cdif/manifest/1.1,CoreDiscovery,0,doc-corediscovery\examples\adaMetadata\metadata_10.60707-gy8c-9d52.json,True,,
metadata_10.60707-h0dk-6y68.json,adaMetadata,True,True,https://w3id.org/cdif/core/1.1;https://w3id.org/cdif/discovery/1.1;https://w3id.org/cdif/manifest/1.1,CoreDiscovery,0,doc-corediscovery\examples\adaMetadata\metadata_10.60707-h0dk-6y68.json,True,,
metadata_10.60707-h1pn-e892.json,adaMetadata,True,True,https://w3id.org/cdif/core/1.1;https://w3id.org/cdif/discovery/1.1;https://w3id.org/cdif/manifest/1.1,CoreDiscovery,0,doc-corediscovery\examples\adaMetadata\metadata_10.60707-h1pn-e892.json,True,,
metadata_10.60707-h795-9n84.json,adaMetadata,True,True,https://w3id.org/cdif/core/1.1;https://w3id.org/cdif/discovery/1.1;https://w3id.org/cdif/manifest/1.1,CoreDiscovery,0,doc-corediscovery\examples\adaMetadata\metadata_10.60707-h795-9n84.json,True,,
metadata_10.60707-htk9-f770.json,adaMetadata,True,True,https://w3id.org/cdif/core/1.1;https://w3id.org/cdif/discovery/1.1;https://w3id.org/cdif/manifest/1.1,CoreDiscovery,0,doc-corediscovery\examples\adaMetadata\metadata_10.60707-htk9-f770.json,True,,
metadata_10.60707-j16b-6288.json,adaMetadata,True,True,https://w3id.org/cdif/core/1.1;https://w3id.org/cdif/discovery/1.1;https://w3id.org/cdif/manifest/1.1,CoreDiscovery,0,doc-corediscovery\examples\adaMetadata\metadata_10.60707-j16b-6288.json,True,,
metadata_10.60707-j6f9-tp89.json,adaMetadata,True,True,https://w3id.org/cdif/core/1.1;https://w3id.org/cdif/discovery/1.1;https://w3id.org/cdif/manifest/1.1,CoreDiscovery,0,doc-corediscovery\examples\adaMetadata\metadata_10.60707-j6f9-tp89.json,True,,
metadata_10.60707-kzfq-t450.json,adaMetadata,True,True,https://w3id.org/cdif/core/1.1;https://w3id.org/cdif/discovery/1.1;https://w3id.org/cdif/manifest/1.1,CoreDiscovery,1,doc-corediscovery\examples\adaMetadata\metadata_10.60707-kzfq-t450.json,False,,
metadata_10.60707-m388-cb55.json,adaMetadata,True,True,https://w3id.org/cdif/core/1.1;https://w3id.org/cdif/discovery/1.1;https://w3id.org/cdif/manifest/1.1,CoreDiscovery,0,doc-corediscovery\examples\adaMetadata\metadata_10.60707-m388-cb55.json,True,,
metadata_10.60707-mayf-0w17.json,adaMetadata,True,True,https://w3id.org/cdif/core/1.1;https://w3id.org/cdif/discovery/1.1;https://w3id.org/cdif/manifest/1.1,CoreDiscovery,0,doc-corediscovery\examples\adaMetadata\metadata_10.60707-mayf-0w17.json,True,,
metadata_10.60707-nm1b-bz91.json,adaMetadata,True,True,https://w3id.org/cdif/core/1.1;https://w3id.org/cdif/discovery/1.1;https://w3id.org/cdif/manifest/1.1,CoreDiscovery,0,doc-corediscovery\examples\adaMetadata\metadata_10.60707-nm1b-bz91.json,True,,
metadata_10.60707-papb-7t64.json,adaMetadata,True,True,https://w3id.org/cdif/core/1.1;https://w3id.org/cdif/discovery/1.1;https://w3id.org/cdif/manifest/1.1,CoreDiscovery,0,doc-corediscovery\examples\adaMetadata\metadata_10.60707-papb-7t64.json,True,,
metadata_10.60707-pjmn-ap50.json,adaMetadata,True,True,https://w3id.org/cdif/core/1.1;https://w3id.org/cdif/discovery/1.1;https://w3id.org/cdif/manifest/1.1,CoreDiscovery,0,doc-corediscovery\examples\adaMetadata\metadata_10.60707-pjmn-ap50.json,True,,
metadata_10.60707-pmm3-st23.json,adaMetadata,True,True,https://w3id.org/cdif/core/1.1;https://w3id.org/cdif/discovery/1.1;https://w3id.org/cdif/manifest/1.1,CoreDiscovery,0,doc-corediscovery\examples\adaMetadata\metadata_10.60707-pmm3-st23.json,True,,
metadata_10.60707-ps65-7j23.json,adaMetadata,True,True,https://w3id.org/cdif/core/1.1;https://w3id.org/cdif/discovery/1.1;https://w3id.org/cdif/manifest/1.1,CoreDiscovery,1,doc-corediscovery\examples\adaMetadata\metadata_10.60707-ps65-7j23.json,False,,
metadata_10.60707-pte6-nf07.json,adaMetadata,True,True,https://w3id.org/cdif/core/1.1;https://w3id.org/cdif/discovery/1.1;https://w3id.org/cdif/manifest/1.1,CoreDiscovery,2,doc-corediscovery\examples\adaMetadata\metadata_10.60707-pte6-nf07.json,False,,
metadata_10.60707-q4b0-v203.json,adaMetadata,True,True,https://w3id.org/cdif/core/1.1;https://w3id.org/cdif/discovery/1.1;https://w3id.org/cdif/manifest/1.1,CoreDiscovery,0,doc-corediscovery\examples\adaMetadata\metadata_10.60707-q4b0-v203.json,True,,
metadata_10.60707-qx28-w397.json,adaMetadata,True,True,https://w3id.org/cdif/core/1.1;https://w3id.org/cdif/discovery/1.1;https://w3id.org/cdif/manifest/1.1,CoreDiscovery,4,doc-corediscovery\examples\adaMetadata\metadata_10.60707-qx28-w397.json,False,,
metadata_10.60707-r8hy-7y50.json,adaMetadata,True,True,https://w3id.org/cdif/core/1.1;https://w3id.org/cdif/discovery/1.1;https://w3id.org/cdif/manifest/1.1,CoreDiscovery,0,doc-corediscovery\examples\adaMetadata\metadata_10.60707-r8hy-7y50.json,True,,
metadata_10.60707-rd8a-6z91.json,adaMetadata,True,True,https://w3id.org/cdif/core/1.1;https://w3id.org/cdif/discovery/1.1;https://w3id.org/cdif/manifest/1.1,CoreDiscovery,0,doc-corediscovery\examples\adaMetadata\metadata_10.60707-rd8a-6z91.json,True,,
metadata_10.60707-rm08-bg04.json,adaMetadata,True,True,https://w3id.org/cdif/core/1.1;https://w3id.org/cdif/discovery/1.1;https://w3id.org/cdif/manifest/1.1,CoreDiscovery,0,doc-corediscovery\examples\adaMetadata\metadata_10.60707-rm08-bg04.json,True,,
metadata_10.60707-sjkk-h605.json,adaMetadata,True,True,https://w3id.org/cdif/core/1.1;https://w3id.org/cdif/discovery/1.1;https://w3id.org/cdif/manifest/1.1,CoreDiscovery,1,doc-corediscovery\examples\adaMetadata\metadata_10.60707-sjkk-h605.json,False,,
metadata_10.60707-sk9h-2550.json,adaMetadata,True,True,https://w3id.org/cdif/core/1.1;https://w3id.org/cdif/discovery/1.1;https://w3id.org/cdif/manifest/1.1,CoreDiscovery,0,doc-corediscovery\examples\adaMetadata\metadata_10.60707-sk9h-2550.json,True,,
metadata_10.60707-srdv-7b95.json,adaMetadata,True,True,https://w3id.org/cdif/core/1.1;https://w3id.org/cdif/discovery/1.1;https://w3id.org/cdif/manifest/1.1,CoreDiscovery,0,doc-corediscovery\examples\adaMetadata\metadata_10.60707-srdv-7b95.json,True,,
metadata_10.60707-t0gq-7t37.json,adaMetadata,True,True,https://w3id.org/cdif/core/1.1;https://w3id.org/cdif/discovery/1.1;https://w3id.org/cdif/manifest/1.1,CoreDiscovery,0,doc-corediscovery\examples\adaMetadata\metadata_10.60707-t0gq-7t37.json,True,,
metadata_10.60707-twd0-6a40.json,adaMetadata,True,True,https://w3id.org/cdif/core/1.1;https://w3id.org/cdif/discovery/1.1;https://w3id.org/cdif/manifest/1.1,CoreDiscovery,0,doc-corediscovery\examples\adaMetadata\metadata_10.60707-twd0-6a40.json,True,,
metadata_10.60707-v87p-2k76.json,adaMetadata,True,True,https://w3id.org/cdif/core/1.1;https://w3id.org/cdif/discovery/1.1;https://w3id.org/cdif/manifest/1.1,CoreDiscovery,0,doc-corediscovery\examples\adaMetadata\metadata_10.60707-v87p-2k76.json,True,,
metadata_10.60707-vjcy-by10.json,adaMetadata,True,True,https://w3id.org/cdif/core/1.1;https://w3id.org/cdif/discovery/1.1;https://w3id.org/cdif/manifest/1.1,CoreDiscovery,0,doc-corediscovery\examples\adaMetadata\metadata_10.60707-vjcy-by10.json,True,,
metadata_10.60707-wg35-6e70.json,adaMetadata,True,True,https://w3id.org/cdif/core/1.1;https://w3id.org/cdif/discovery/1.1;https://w3id.org/cdif/manifest/1.1,CoreDiscovery,0,doc-corediscovery\examples\adaMetadata\metadata_10.60707-wg35-6e70.json,True,,
metadata_10.60707-wspc-wg10.json,adaMetadata,True,True,https://w3id.org/cdif/core/1.1;https://w3id.org/cdif/discovery/1.1;https://w3id.org/cdif/manifest/1.1,CoreDiscovery,0,doc-corediscovery\examples\adaMetadata\metadata_10.60707-wspc-wg10.json,True,,
metadata_10.60707-xbby-kj41.json,adaMetadata,True,True,https://w3id.org/cdif/core/1.1;https://w3id.org/cdif/discovery/1.1;https://w3id.org/cdif/manifest/1.1,CoreDiscovery,0,doc-corediscovery\examples\adaMetadata\metadata_10.60707-xbby-kj41.json,True,,
metadata_10.60707-xnxf-m505.json,adaMetadata,True,True,https://w3id.org/cdif/core/1.1;https://w3id.org/cdif/discovery/1.1;https://w3id.org/cdif/manifest/1.1,CoreDiscovery,0,doc-corediscovery\examples\adaMetadata\metadata_10.60707-xnxf-m505.json,True,,
metadata_10.60707-xq6j-wr35.json,adaMetadata,True,True,https://w3id.org/cdif/core/1.1;https://w3id.org/cdif/discovery/1.1;https://w3id.org/cdif/manifest/1.1,CoreDiscovery,0,doc-corediscovery\examples\adaMetadata\metadata_10.60707-xq6j-wr35.json,True,,
metadata_10.60707-xzeg-2x24.json,adaMetadata,True,True,https://w3id.org/cdif/core/1.1;https://w3id.org/cdif/discovery/1.1;https://w3id.org/cdif/manifest/1.1,CoreDiscovery,0,doc-corediscovery\examples\adaMetadata\metadata_10.60707-xzeg-2x24.json,True,,
metadata_10.60707-y3a1-7706.json,adaMetadata,True,True,https://w3id.org/cdif/core/1.1;https://w3id.org/cdif/discovery/1.1;https://w3id.org/cdif/manifest/1.1,CoreDiscovery,0,doc-corediscovery\examples\adaMetadata\metadata_10.60707-y3a1-7706.json,True,,
metadata_10.60707-yv1f-jb20.json,adaMetadata,True,True,https://w3id.org/cdif/core/1.1;https://w3id.org/cdif/discovery/1.1;https://w3id.org/cdif/manifest/1.1,CoreDiscovery,0,doc-corediscovery\examples\adaMetadata\metadata_10.60707-yv1f-jb20.json,True,,
metadata_10.60707-zh1b-jk54.json,adaMetadata,True,True,https://w3id.org/cdif/core/1.1;https://w3id.org/cdif/discovery/1.1;https://w3id.org/cdif/manifest/1.1,CoreDiscovery,0,doc-corediscovery\examples\adaMetadata\metadata_10.60707-zh1b-jk54.json,True,,
cdif_10.60707-0y88-ps96.json,CDIF2026,True,True,https://w3id.org/cdif/core/1.1;https://w3id.org/cdif/discovery/1.1;https://w3id.org/cdif/data_description/1.1;https://w3id.org/cdif/manifest/1.1,DiscoveryDataDescription,0,doc-discoverydatadescription\examples\CDIF2026\cdif_10.60707-0y88-ps96.json,True,,
cdif_se_na2so4-xdi.jsonLD,CDIF2026,False,True,https://w3id.org/cdif/core/1.1;https://w3id.org/cdif/discovery/1.1;https://w3id.org/cdif/data_description/1.1,DiscoveryDataDescription,0,doc-discoverydatadescription\examples\CDIF2026\cdif_se_na2so4-xdi.jsonLD,True,,
NetCDF-CDIF-UKESM1-0-LL.jsonLD,CMIP-NetCDF,False,True,https://w3id.org/cdif/core/1.1;https://w3id.org/cdif/discovery/1.1;https://w3id.org/cdif/data_description/1.1,DiscoveryDataDescription,6,doc-discoverydatadescription\examples\CMIP-NetCDF\NetCDF-CDIF-UKESM1-0-LL.jsonLD,False,,
ESS11-subset_DDICDI.jsonld,ESS11,False,True,,cdifCore,12,profile-datastructure\examples\ESS11\ESS11-subset_DDICDI.jsonld,False,,
ESS11-subset_DDICDI.jsonld,.,False,True,,cdifCore,12,profile-datastructure\examples\ESS11-subset_DDICDI.jsonld,False,,
FeXAS_Fe_c3d.001-NEXUS-HDF5-cdi-CDIF.jsonLD,FeXAS,True,True,https://w3id.org/cdif/core/1.1;https://w3id.org/cdif/discovery/1.1;https://w3id.org/cdif/data_description/1.1,DiscoveryDataDescription,6,doc-discoverydatadescription\examples\FeXAS\FeXAS_Fe_c3d.001-NEXUS-HDF5-cdi-CDIF.jsonLD,False,,
NEXUS-withDataStructureComponent.json,FeXAS,False,True,https://w3id.org/cdif/core/1.1;https://w3id.org/cdif/discovery/1.1;https://w3id.org/cdif/data_description/1.1,DiscoveryDataDescription,8,doc-discoverydatadescription\examples\FeXAS\NEXUS-withDataStructureComponent.json,False,,
NEXUS-withDataStructureComponentSimplified.json,FeXAS,False,True,https://w3id.org/cdif/core/1.1;https://w3id.org/cdif/discovery/1.1;https://w3id.org/cdif/data_description/1.1,DiscoveryDataDescription,8,doc-discoverydatadescription\examples\FeXAS\NEXUS-withDataStructureComponentSimplified.json,False,,
OIH-PROVe1ba5a1368cea8b1d6591ba932c910b26859892e.jsonld,.,False,True,,cdifCore,12,profile-datastructure\examples\OIH-PROVe1ba5a1368cea8b1d6591ba932c910b26859892e.jsonld,False,,
se_na2so4-XDI-CDI-CDIF.jsonLD,se_na2so4,False,True,,cdifCore,12,profile-datastructure\examples\se_na2so4\se_na2so4-XDI-CDI-CDIF.jsonLD,False,,
sftlf_fx_AWI-CM-1-1-MR_ssp370_r1i1p1f1_gn.jsonLD,WDCC_NetCDF,False,True,https://w3id.org/cdif/core/1.1;https://w3id.org/cdif/discovery/1.1;https://w3id.org/cdif/data_description/1.1,DiscoveryDataDescription,4,doc-discoverydatadescription\examples\WDCC_NetCDF\sftlf_fx_AWI-CM-1-1-MR_ssp370_r1i1p1f1_gn.jsonLD,False,,
